[
  {
    "value": "pepper",
    "synonyms": [
      "pepper"
    ]
  },
  {
    "value": "mushroom",
    "synonyms": [
      "mushroom"
    ]
  },
  {
    "value": "bacon",
    "synonyms": [
      "bacon"
    ]
  },
  {
    "value": "vegetarian",
    "synonyms": [
      "vegetarian"
    ]
  },
  {
    "value": "cheese",
    "synonyms": [
      "cheese"
    ]
  },
  {
    "value": "jalapeno",
    "synonyms": [
      "jalapeno"
    ]
  },
  {
    "value": "sausage",
    "synonyms": [
      "sausage"
    ]
  },
  {
    "value": "onion",
    "synonyms": [
      "onion"
    ]
  },
  {
    "value": "ham",
    "synonyms": [
      "ham"
    ]
  },
  {
    "value": "pineapple",
    "synonyms": [
      "pineapple"
    ]
  },
  {
    "value": "chicken",
    "synonyms": [
      "chicken"
    ]
  }
]