[
  {
    "id": "c1321c7d-1e31-4663-8236-272f41c25199",
    "data": [
      {
        "text": "I want to order a ",
        "userDefined": false
      },
      {
        "text": "cheese",
        "alias": "pizza_topping",
        "meta": "@pizza_topping",
        "userDefined": true
      },
      {
        "text": " pizza for ",
        "userDefined": false
      },
      {
        "text": "1 PM",
        "alias": "time",
        "meta": "@sys.time",
        "userDefined": false
      },
      {
        "text": " ",
        "userDefined": false
      },
      {
        "text": "tomorrow",
        "alias": "date",
        "meta": "@sys.date",
        "userDefined": false
      }
    ],
    "isTemplate": false,
    "count": 0,
    "updated": 0
  },
  {
    "id": "9ef6133e-8f15-464f-a541-72cef266d950",
    "data": [
      {
        "text": "I want a ",
        "userDefined": false
      },
      {
        "text": "chicken",
        "alias": "pizza_topping",
        "meta": "@pizza_topping",
        "userDefined": true
      },
      {
        "text": " pizza",
        "userDefined": false
      }
    ],
    "isTemplate": false,
    "count": 0,
    "updated": 0
  },
  {
    "id": "1f38d319-1041-4a22-8766-dc4363c193e7",
    "data": [
      {
        "text": "I\u0027d like to order a pizza for pickup ",
        "userDefined": false
      },
      {
        "text": "in 1 hour",
        "alias": "time",
        "meta": "@sys.time",
        "userDefined": false
      }
    ],
    "isTemplate": false,
    "count": 0,
    "updated": 0
  },
  {
    "id": "b3638af3-6d3f-433d-a749-f886ed0899db",
    "data": [
      {
        "text": "I want to order a ",
        "userDefined": false
      },
      {
        "text": "large",
        "alias": "size",
        "meta": "@size",
        "userDefined": true
      },
      {
        "text": " pizza",
        "userDefined": false
      }
    ],
    "isTemplate": false,
    "count": 0,
    "updated": 0
  },
  {
    "id": "4bad7efa-986a-46d2-893f-4cd69eb662e1",
    "data": [
      {
        "text": "I want a pizza with ",
        "userDefined": false
      },
      {
        "text": "pepper",
        "alias": "pizza_topping",
        "meta": "@pizza_topping",
        "userDefined": true
      },
      {
        "text": " and ",
        "userDefined": false
      },
      {
        "text": "mushroom",
        "alias": "pizza_topping",
        "meta": "@pizza_topping",
        "userDefined": true
      }
    ],
    "isTemplate": false,
    "count": 0,
    "updated": 0
  },
  {
    "id": "e9ee08e8-e665-4624-9c81-ad182ed65867",
    "data": [
      {
        "text": "I\u0027d like a small pizza with ",
        "userDefined": false
      },
      {
        "text": "mushrooms",
        "alias": "pizza_topping",
        "meta": "@pizza_topping",
        "userDefined": true
      }
    ],
    "isTemplate": false,
    "count": 0,
    "updated": 0
  },
  {
    "id": "5572a845-0889-4db5-80d5-770be176c2b2",
    "data": [
      {
        "text": "I want to order a small pizza with ",
        "userDefined": false
      },
      {
        "text": "chicken",
        "alias": "pizza_topping",
        "meta": "@pizza_topping",
        "userDefined": true
      },
      {
        "text": " only",
        "userDefined": false
      }
    ],
    "isTemplate": false,
    "count": 0,
    "updated": 0
  },
  {
    "id": "e827e193-2d01-4823-ae48-35e38fdadaf2",
    "data": [
      {
        "text": "can I order a cheese pizza for pickup ",
        "userDefined": false
      },
      {
        "text": "today",
        "alias": "date",
        "meta": "@sys.date",
        "userDefined": true
      },
      {
        "text": " ",
        "userDefined": false
      },
      {
        "text": "at noon",
        "alias": "time",
        "meta": "@sys.time",
        "userDefined": false
      },
      {
        "text": " ?",
        "userDefined": false
      }
    ],
    "isTemplate": false,
    "count": 0,
    "updated": 0
  }
]