[
  {
    "id": "b6389577-1480-4149-9fe5-993b4344f1a3",
    "data": [
      {
        "text": "I want one ",
        "userDefined": false
      },
      {
        "text": "vanilla",
        "alias": "flavor",
        "meta": "@flavor",
        "userDefined": false
      },
      {
        "text": " ",
        "userDefined": false
      },
      {
        "text": "milkshake",
        "alias": "drink",
        "meta": "@drink",
        "userDefined": false
      },
      {
        "text": " with ",
        "userDefined": false
      },
      {
        "text": "2%",
        "alias": "milk_type",
        "meta": "@milk_type",
        "userDefined": false
      },
      {
        "text": " milk\n one ",
        "userDefined": false
      },
      {
        "text": "chocolate smoothie",
        "alias": "drink_composite",
        "meta": "@drink_composite",
        "userDefined": true
      },
      {
        "text": " please",
        "userDefined": false
      }
    ],
    "isTemplate": false,
    "count": 0,
    "updated": 0
  },
  {
    "id": "0141d4fe-dc2b-45e7-b767-3c767567b098",
    "data": [
      {
        "text": "i want a ",
        "userDefined": false
      },
      {
        "text": "small",
        "alias": "size",
        "meta": "@size",
        "userDefined": false
      },
      {
        "text": " ",
        "userDefined": false
      },
      {
        "text": "strawberry smoothie",
        "alias": "drink_composite",
        "meta": "@drink_composite",
        "userDefined": true
      }
    ],
    "isTemplate": false,
    "count": 0,
    "updated": 0
  },
  {
    "id": "636c96dc-1894-4bec-8150-c3690ae54b4c",
    "data": [
      {
        "text": "two",
        "alias": "milk_type",
        "meta": "@milk_type",
        "userDefined": false
      },
      {
        "text": " ",
        "userDefined": false
      },
      {
        "text": "large",
        "alias": "size",
        "meta": "@size",
        "userDefined": false
      },
      {
        "text": " ",
        "userDefined": false
      },
      {
        "text": "soy milk chocolate milkshakes",
        "alias": "drink_composite",
        "meta": "@drink_composite",
        "userDefined": true
      }
    ],
    "isTemplate": false,
    "count": 0,
    "updated": 0
  },
  {
    "id": "ae1c1956-5164-42a1-bdf5-a9009e7f3a57",
    "data": [
      {
        "text": "i\u0027d like to order a ",
        "userDefined": false
      },
      {
        "text": "raspberry smoothie",
        "alias": "drink_composite",
        "meta": "@drink_composite",
        "userDefined": true
      },
      {
        "text": " please",
        "userDefined": false
      }
    ],
    "isTemplate": false,
    "count": 0,
    "updated": 0
  },
  {
    "id": "9d485eb9-4c07-40f1-b1a7-2a4129e72144",
    "data": [
      {
        "text": "I would like a ",
        "userDefined": false
      },
      {
        "text": "mocha smoothie",
        "alias": "drink_composite",
        "meta": "@drink_composite",
        "userDefined": true
      }
    ],
    "isTemplate": false,
    "count": 0,
    "updated": 0
  }
]